{"cameraMode":{"drawMode":0,"name":"Shaded","section":"Shading Mode"},"sceneLighting":false,"audioPlay":false,"sceneViewState":{"showFog":true,"showMaterialUpdate":false,"showSkybox":false,"showFlares":true,"showImageEffects":true,"showParticleSystems":true},"in2DMode":false,"pivot":{"x":0.0,"y":0.04625000059604645,"z":0.30000001192092898},"rotation":{"x":-0.29438066482543948,"y":-0.003730037249624729,"z":0.0011489003663882614,"w":-0.9556803107261658},"size":0.8820904493331909,"orthographic":false}