{"cameraMode":{"drawMode":0,"name":"Shaded","section":"Shading Mode"},"sceneLighting":true,"audioPlay":false,"sceneViewState":{"showFog":true,"showMaterialUpdate":false,"showSkybox":true,"showFlares":true,"showImageEffects":true,"showParticleSystems":true},"in2DMode":false,"pivot":{"x":-0.19738276302814485,"y":0.0007087428821250796,"z":0.3011852502822876},"rotation":{"x":-0.08510042726993561,"y":0.2806200087070465,"z":-0.024987557902932168,"w":-0.9557122588157654},"size":0.4528290629386902,"orthographic":false}