{"cameraMode":{"drawMode":0,"name":"Shaded","section":"Shading Mode"},"sceneLighting":true,"audioPlay":false,"sceneViewState":{"showFog":true,"showMaterialUpdate":false,"showSkybox":true,"showFlares":true,"showImageEffects":true,"showParticleSystems":true},"in2DMode":false,"pivot":{"x":-0.11600331217050553,"y":5.21540641784668e-8,"z":0.3319607973098755},"rotation":{"x":0.19559349119663239,"y":-0.6529842615127564,"z":0.17968463897705079,"w":0.709352433681488},"size":0.16720780730247498,"orthographic":false}