{"cameraMode":{"drawMode":0,"name":"Shaded","section":"Shading Mode"},"sceneLighting":true,"audioPlay":false,"sceneViewState":{"showFog":true,"showMaterialUpdate":false,"showSkybox":true,"showFlares":true,"showImageEffects":true,"showParticleSystems":true},"in2DMode":false,"pivot":{"x":-0.3282986879348755,"y":-0.09125073999166489,"z":0.15652289986610413},"rotation":{"x":0.11164620518684387,"y":-0.5299370288848877,"z":0.07029469311237335,"w":0.8377788066864014},"size":0.20615535974502564,"orthographic":false}